aircraft_id,tail_number,aircraft_model,engine_id,engine_model,manufacture_date,induction_date,home_base,total_flight_hours,total_cycles,current_status
AC001,XX-1001,Type-B,ENG001,Engine-Y,2014-03-15,2015-03-15,Base-E,3122,2946,Serviceable
AC002,XX-1002,Type-A,ENG002,Engine-X,2011-12-14,2012-12-14,Base-E,3658,3448,Serviceable
AC003,XX-1003,Type-B,ENG003,Engine-Y,2013-11-27,2015-11-27,Base-B,3133,3286,Awaiting Spares
AC004,XX-1004,Type-A,ENG004,Engine-X,2018-04-04,2019-04-04,Base-B,1335,1427,Serviceable
AC005,XX-1005,Type-A,ENG005,Engine-X,2011-07-14,2012-07-14,Base-C,2019,2100,Under Maintenance
AC006,XX-1006,Type-A,ENG006,Engine-X,2008-01-17,2010-01-17,Base-D,5448,4622,Awaiting Spares
AC007,XX-1007,Type-B,ENG007,Engine-Y,2012-02-25,2014-02-25,Base-C,4093,4291,Serviceable
AC008,XX-1008,Type-A,ENG008,Engine-X,2012-11-21,2014-11-21,Base-D,4378,3970,Serviceable
AC009,XX-1009,Type-C,ENG009,Engine-Z,2016-03-22,2017-03-22,Base-C,3579,3655,Serviceable
AC010,XX-1010,Type-B,ENG010,Engine-Y,2015-11-23,2016-11-23,Base-C,2166,1888,Serviceable
AC011,XX-1011,Type-A,ENG011,Engine-X,2017-01-09,2019-01-09,Base-B,1358,1413,Serviceable
AC012,XX-1012,Type-A,ENG012,Engine-X,2016-10-08,2017-10-08,Base-D,2506,2324,Serviceable
AC013,XX-1013,Type-A,ENG013,Engine-X,2013-11-20,2015-11-20,Base-A,3859,3414,Serviceable
AC014,XX-1014,Type-B,ENG014,Engine-Y,2017-02-04,2018-02-04,Base-C,2472,2631,Serviceable
AC015,XX-1015,Type-C,ENG015,Engine-Z,2010-01-02,2011-01-02,Base-D,4921,5028,Serviceable
AC016,XX-1016,Type-C,ENG016,Engine-Z,2007-12-08,2008-12-08,Base-A,3184,3008,Serviceable
AC017,XX-1017,Type-B,ENG017,Engine-Y,2009-01-25,2010-01-25,Base-C,3926,4439,Serviceable
AC018,XX-1018,Type-B,ENG018,Engine-Y,2016-10-30,2017-10-30,Base-A,1823,1751,Serviceable
AC019,XX-1019,Type-A,ENG019,Engine-X,2014-05-15,2016-05-15,Base-D,3197,3206,Serviceable
AC020,XX-1020,Type-C,ENG020,Engine-Z,2010-08-07,2011-08-07,Base-A,4777,4893,Serviceable
AC021,XX-1021,Type-C,ENG021,Engine-Z,2014-04-13,2016-04-13,Base-E,3776,3565,Serviceable
AC022,XX-1022,Type-A,ENG022,Engine-X,2010-04-24,2012-04-24,Base-A,2971,3097,Serviceable
AC023,XX-1023,Type-A,ENG023,Engine-X,2016-07-01,2017-07-01,Base-E,2664,2536,Serviceable
AC024,XX-1024,Type-C,ENG024,Engine-Z,2014-07-02,2015-07-02,Base-D,3449,3321,Serviceable
AC025,XX-1025,Type-A,ENG025,Engine-X,2013-03-05,2014-03-05,Base-C,4522,5077,Serviceable
AC026,XX-1026,Type-B,ENG026,Engine-Y,2012-03-24,2014-03-24,Base-D,5288,4793,Under Maintenance
AC027,XX-1027,Type-B,ENG027,Engine-Y,2016-12-19,2017-12-19,Base-D,2827,2262,Serviceable
AC028,XX-1028,Type-A,ENG028,Engine-X,2013-02-14,2015-02-14,Base-E,2746,3144,Under Maintenance
AC029,XX-1029,Type-B,ENG029,Engine-Y,2009-10-07,2010-10-07,Base-A,4643,5572,Serviceable
AC030,XX-1030,Type-B,ENG030,Engine-Y,2010-08-01,2012-08-01,Base-C,2879,2774,Serviceable
AC031,XX-1031,Type-A,ENG031,Engine-X,2019-01-10,2021-01-10,Base-A,786,649,Under Maintenance
AC032,XX-1032,Type-A,ENG032,Engine-X,2018-09-19,2019-09-19,Base-C,1753,1704,Serviceable
AC033,XX-1033,Type-C,ENG033,Engine-Z,2016-06-07,2018-06-07,Base-A,3733,3637,Serviceable
AC034,XX-1034,Type-A,ENG034,Engine-X,2012-02-15,2013-02-15,Base-C,3116,3063,Serviceable
AC035,XX-1035,Type-A,ENG035,Engine-X,2019-12-22,2020-12-22,Base-C,1459,1313,Serviceable
AC036,XX-1036,Type-A,ENG036,Engine-X,2017-04-20,2019-04-20,Base-B,2324,2445,Serviceable
AC037,XX-1037,Type-B,ENG037,Engine-Y,2016-04-24,2017-04-24,Base-C,2701,2829,Serviceable
AC038,XX-1038,Type-A,ENG038,Engine-X,2014-12-15,2016-12-15,Base-D,2065,1787,Grounded
AC039,XX-1039,Type-A,ENG039,Engine-X,2012-07-01,2013-07-01,Base-D,6069,6451,Serviceable
AC040,XX-1040,Type-A,ENG040,Engine-X,2009-01-10,2010-01-10,Base-B,6369,7546,Serviceable
AC041,XX-1041,Type-C,ENG041,Engine-Z,2018-11-03,2019-11-03,Base-C,2219,2253,Serviceable
AC042,XX-1042,Type-A,ENG042,Engine-X,2014-02-08,2015-02-08,Base-E,2996,2905,Grounded
AC043,XX-1043,Type-C,ENG043,Engine-Z,2011-01-03,2012-01-03,Base-A,4310,4255,Serviceable
AC044,XX-1044,Type-A,ENG044,Engine-X,2012-12-18,2014-12-18,Base-A,4219,4453,Serviceable
AC045,XX-1045,Type-B,ENG045,Engine-Y,2015-09-27,2016-09-27,Base-A,3020,2550,Under Maintenance
AC046,XX-1046,Type-A,ENG046,Engine-X,2011-10-21,2013-10-21,Base-C,3971,4030,Serviceable
AC047,XX-1047,Type-C,ENG047,Engine-Z,2018-11-06,2019-11-06,Base-B,2061,1989,Serviceable
AC048,XX-1048,Type-C,ENG048,Engine-Z,2017-01-07,2019-01-07,Base-D,1735,2024,Serviceable
AC049,XX-1049,Type-B,ENG049,Engine-Y,2016-04-01,2017-04-01,Base-C,1989,1958,Serviceable
AC050,XX-1050,Type-A,ENG050,Engine-X,2014-10-18,2015-10-18,Base-B,3548,4081,Serviceable
AC051,XX-1051,Type-C,ENG051,Engine-Z,2016-10-06,2018-10-06,Base-E,1180,1063,Serviceable
AC052,XX-1052,Type-C,ENG052,Engine-Z,2015-08-10,2016-08-10,Base-D,3072,3234,Serviceable
AC053,XX-1053,Type-A,ENG053,Engine-X,2016-04-15,2017-04-15,Base-A,2834,2915,Serviceable
AC054,XX-1054,Type-C,ENG054,Engine-Z,2009-05-31,2010-05-31,Base-B,4545,4190,Serviceable
AC055,XX-1055,Type-A,ENG055,Engine-X,2014-02-11,2016-02-11,Base-B,2848,2893,Awaiting Spares
AC056,XX-1056,Type-B,ENG056,Engine-Y,2008-08-25,2009-08-25,Base-A,5089,5644,Serviceable
AC057,XX-1057,Type-A,ENG057,Engine-X,2014-07-13,2015-07-13,Base-A,3637,3531,Serviceable
AC058,XX-1058,Type-B,ENG058,Engine-Y,2013-04-01,2015-04-01,Base-E,2968,2516,Serviceable
AC059,XX-1059,Type-A,ENG059,Engine-X,2010-11-03,2011-11-03,Base-B,5392,5383,Grounded
AC060,XX-1060,Type-C,ENG060,Engine-Z,2009-10-26,2010-10-26,Base-B,4029,3702,Awaiting Spares
AC061,XX-1061,Type-B,ENG061,Engine-Y,2015-06-23,2016-06-23,Base-D,3132,3036,Serviceable
AC062,XX-1062,Type-A,ENG062,Engine-X,2010-08-05,2012-08-05,Base-C,4074,4044,Serviceable
AC063,XX-1063,Type-A,ENG063,Engine-X,2019-04-27,2020-04-27,Base-E,1926,1630,Serviceable
AC064,XX-1064,Type-B,ENG064,Engine-Y,2015-04-24,2017-04-24,Base-D,3544,3029,Serviceable
AC065,XX-1065,Type-B,ENG065,Engine-Y,2013-08-07,2014-08-07,Base-B,2623,2737,Serviceable
AC066,XX-1066,Type-A,ENG066,Engine-X,2015-03-02,2016-03-02,Base-B,2934,2796,Serviceable
AC067,XX-1067,Type-B,ENG067,Engine-Y,2007-06-16,2008-06-16,Base-E,5718,4574,Serviceable
AC068,XX-1068,Type-A,ENG068,Engine-X,2019-02-12,2020-02-12,Base-C,1969,2108,Serviceable
AC069,XX-1069,Type-B,ENG069,Engine-Y,2014-03-13,2015-03-13,Base-E,2361,2419,Serviceable
AC070,XX-1070,Type-A,ENG070,Engine-X,2017-03-05,2018-03-05,Base-A,2022,1892,Serviceable
AC071,XX-1071,Type-A,ENG071,Engine-X,2009-07-08,2010-07-08,Base-D,4347,3832,Serviceable
AC072,XX-1072,Type-C,ENG072,Engine-Z,2014-09-06,2015-09-06,Base-C,3089,3321,Under Maintenance
AC073,XX-1073,Type-B,ENG073,Engine-Y,2014-12-26,2016-12-26,Base-A,2266,2337,Serviceable
AC074,XX-1074,Type-A,ENG074,Engine-X,2019-07-04,2021-07-04,Base-C,1773,2128,Serviceable
AC075,XX-1075,Type-A,ENG075,Engine-X,2015-07-15,2016-07-15,Base-C,3358,3485,Serviceable
AC076,XX-1076,Type-B,ENG076,Engine-Y,2014-01-16,2015-01-16,Base-A,4850,5019,Serviceable
AC077,XX-1077,Type-B,ENG077,Engine-Y,2012-03-24,2013-03-24,Base-B,3374,3323,Serviceable
AC078,XX-1078,Type-C,ENG078,Engine-Z,2013-04-02,2014-04-02,Base-D,2465,2646,Serviceable
AC079,XX-1079,Type-C,ENG079,Engine-Z,2015-04-14,2016-04-14,Base-B,2364,2497,Under Maintenance
AC080,XX-1080,Type-B,ENG080,Engine-Y,2014-01-18,2015-01-18,Base-B,3603,4009,Awaiting Spares
AC081,XX-1081,Type-A,ENG081,Engine-X,2007-11-23,2009-11-23,Base-B,4260,4060,Serviceable
AC082,XX-1082,Type-A,ENG082,Engine-X,2017-02-07,2018-02-07,Base-B,2842,2731,Serviceable
AC083,XX-1083,Type-C,ENG083,Engine-Z,2018-05-28,2019-05-28,Base-E,1861,1781,Under Maintenance
AC084,XX-1084,Type-A,ENG084,Engine-X,2010-12-04,2012-12-04,Base-D,3658,3918,Serviceable
AC085,XX-1085,Type-C,ENG085,Engine-Z,2015-10-20,2017-10-20,Base-A,2563,2909,Serviceable
AC086,XX-1086,Type-A,ENG086,Engine-X,2009-11-26,2011-11-26,Base-E,3414,3273,Awaiting Spares
AC087,XX-1087,Type-A,ENG087,Engine-X,2016-07-30,2017-07-30,Base-D,1943,1869,Serviceable
AC088,XX-1088,Type-A,ENG088,Engine-X,2012-10-11,2014-10-11,Base-B,4295,4416,Under Maintenance
AC089,XX-1089,Type-A,ENG089,Engine-X,2016-09-26,2017-09-26,Base-D,2293,2242,Serviceable
AC090,XX-1090,Type-B,ENG090,Engine-Y,2016-02-19,2017-02-19,Base-A,1970,2139,Serviceable
AC091,XX-1091,Type-A,ENG091,Engine-X,2017-12-19,2018-12-19,Base-E,1774,1419,Awaiting Spares
AC092,XX-1092,Type-A,ENG092,Engine-X,2009-11-10,2010-11-10,Base-C,5999,5553,Serviceable
AC093,XX-1093,Type-B,ENG093,Engine-Y,2018-09-08,2019-09-08,Base-C,1659,1542,Serviceable
AC094,XX-1094,Type-A,ENG094,Engine-X,2011-08-22,2012-08-22,Base-A,4985,3988,Serviceable
AC095,XX-1095,Type-A,ENG095,Engine-X,2008-06-07,2009-06-07,Base-E,6033,5510,Under Maintenance
AC096,XX-1096,Type-B,ENG096,Engine-Y,2015-06-24,2016-06-24,Base-A,1646,1510,Under Maintenance
AC097,XX-1097,Type-A,ENG097,Engine-X,2013-05-04,2014-05-04,Base-A,3064,3009,Serviceable
AC098,XX-1098,Type-B,ENG098,Engine-Y,2017-05-15,2018-05-15,Base-A,2885,3174,Under Maintenance
AC099,XX-1099,Type-B,ENG099,Engine-Y,2017-06-08,2019-06-08,Base-D,1293,1264,Serviceable
AC100,XX-1100,Type-A,ENG100,Engine-X,2012-05-18,2013-05-18,Base-A,3663,3323,Serviceable
