component_id,aircraft_id,engine_id,component_name,component_system,installation_date,operating_hours,operating_cycles,life_limit_hours,life_limit_cycles,health_status,times_replaced
CMP0001,AC001,ENG001,Fan,Fan,2023-12-26,3122,2946,7496,8140,Watch,0
CMP0002,AC001,ENG001,Low Pressure Compressor,Compressor,2026-03-09,1711,1903,5942,6511,Good,0
CMP0003,AC001,ENG001,High Pressure Compressor,Compressor,2025-06-30,3122,2946,5055,6306,Watch,0
CMP0004,AC001,ENG001,Combustor,Combustion,2025-06-23,1824,1744,4226,4186,Watch,0
CMP0005,AC001,ENG001,High Pressure Turbine,Turbine,2024-12-05,1207,1344,4458,5107,Good,0
CMP0006,AC001,ENG001,Low Pressure Turbine,Turbine,2026-05-19,2534,2946,5155,6356,Good,0
CMP0007,AC002,ENG002,Fan,Fan,2025-02-27,3283,3448,6660,7243,Good,0
CMP0008,AC002,ENG002,Low Pressure Compressor,Compressor,2025-08-30,1987,2824,5486,8086,Good,1
CMP0009,AC002,ENG002,High Pressure Compressor,Compressor,2025-07-29,3658,3448,5583,5392,Good,0
CMP0010,AC002,ENG002,Combustor,Combustion,2025-11-05,2686,2812,3538,3682,Good,0
CMP0011,AC002,ENG002,High Pressure Turbine,Turbine,2026-08-01,825,1069,4491,5971,Good,0
CMP0012,AC002,ENG002,Low Pressure Turbine,Turbine,2024-09-27,1485,1660,5690,6125,Good,0
CMP0013,AC003,ENG003,Fan,Fan,2025-09-29,3133,3223,7770,7835,Watch,0
CMP0014,AC003,ENG003,Low Pressure Compressor,Compressor,2023-08-12,3133,3286,6177,6797,Good,0
CMP0015,AC003,ENG003,High Pressure Compressor,Compressor,2026-02-03,2986,3286,5833,7144,Watch,0
CMP0016,AC003,ENG003,Combustor,Combustion,2026-02-28,3064,3286,4246,4916,Good,0
CMP0017,AC003,ENG003,High Pressure Turbine,Turbine,2025-07-13,2250,2796,4030,4873,Good,1
CMP0018,AC003,ENG003,Low Pressure Turbine,Turbine,2025-05-16,3133,3286,5986,6664,Good,0
CMP0019,AC004,ENG004,Fan,Fan,2025-12-16,1335,1427,6906,8964,Good,0
CMP0020,AC004,ENG004,Low Pressure Compressor,Compressor,2025-03-26,1265,1394,6201,6831,Watch,0
CMP0021,AC004,ENG004,High Pressure Compressor,Compressor,2024-03-15,1335,1427,4822,6918,Watch,0
CMP0022,AC004,ENG004,Combustor,Combustion,2024-04-10,1335,1427,3962,4316,Good,0
CMP0023,AC004,ENG004,High Pressure Turbine,Turbine,2025-07-04,1335,1427,5180,5886,Good,0
CMP0024,AC004,ENG004,Low Pressure Turbine,Turbine,2025-05-24,1335,1427,5972,5771,Degraded,0
CMP0025,AC005,ENG005,Fan,Fan,2025-08-14,2019,2100,7034,8415,Good,0
CMP0026,AC005,ENG005,Low Pressure Compressor,Compressor,2025-05-02,2019,2100,5484,6128,Good,0
CMP0027,AC005,ENG005,High Pressure Compressor,Compressor,2023-12-14,2019,2100,6143,5904,Watch,0
CMP0028,AC005,ENG005,Combustor,Combustion,2026-04-02,1073,964,4148,3741,Good,0
CMP0029,AC005,ENG005,High Pressure Turbine,Turbine,2025-04-23,2019,2100,5423,5763,Degraded,0
CMP0030,AC005,ENG005,Low Pressure Turbine,Turbine,2024-02-13,193,203,5671,5403,Watch,0
CMP0031,AC006,ENG006,Fan,Fan,2025-08-01,2911,3331,6713,7612,Good,0
CMP0032,AC006,ENG006,Low Pressure Compressor,Compressor,2025-11-26,2119,2887,5330,7186,Good,0
CMP0033,AC006,ENG006,High Pressure Compressor,Compressor,2025-03-21,1173,1080,6171,5664,Good,0
CMP0034,AC006,ENG006,Combustor,Combustion,2024-03-14,969,1039,3925,4677,Good,0
CMP0035,AC006,ENG006,High Pressure Turbine,Turbine,2025-06-27,1769,1982,4728,5241,Good,0
CMP0036,AC006,ENG006,Low Pressure Turbine,Turbine,2026-03-19,3458,4482,5520,7051,Watch,0
CMP0037,AC007,ENG007,Fan,Fan,2023-10-25,1692,2198,6629,8971,Good,1
CMP0038,AC007,ENG007,Low Pressure Compressor,Compressor,2024-10-31,4093,4291,6153,5720,Good,0
CMP0039,AC007,ENG007,High Pressure Compressor,Compressor,2023-09-29,1975,2435,4900,6451,Good,0
CMP0040,AC007,ENG007,Combustor,Combustion,2025-07-20,631,862,3698,5161,Watch,0
CMP0041,AC007,ENG007,High Pressure Turbine,Turbine,2025-11-26,2682,3444,4505,5862,Degraded,0
CMP0042,AC007,ENG007,Low Pressure Turbine,Turbine,2025-01-22,498,444,5447,6176,Degraded,0
CMP0043,AC008,ENG008,Fan,Fan,2023-07-24,4378,3970,7505,9097,Degraded,0
CMP0044,AC008,ENG008,Low Pressure Compressor,Compressor,2025-09-02,2598,3492,5964,8185,Good,0
CMP0045,AC008,ENG008,High Pressure Compressor,Compressor,2024-08-03,1665,1837,5743,6491,Degraded,1
CMP0046,AC008,ENG008,Combustor,Combustion,2022-09-27,2261,2095,4190,4034,Watch,1
CMP0047,AC008,ENG008,High Pressure Turbine,Turbine,2024-07-23,1871,1662,5450,4655,Good,0
CMP0048,AC008,ENG008,Low Pressure Turbine,Turbine,2025-09-25,3548,3970,5452,6718,Watch,0
CMP0049,AC009,ENG009,Fan,Fan,2026-05-30,3049,3547,7321,8543,Degraded,0
CMP0050,AC009,ENG009,Low Pressure Compressor,Compressor,2026-03-31,2114,2659,6193,7587,Good,1
CMP0051,AC009,ENG009,High Pressure Compressor,Compressor,2025-07-24,2894,2778,5202,5043,Good,0
CMP0052,AC009,ENG009,Combustor,Combustion,2024-10-12,981,1234,3058,3710,Good,1
CMP0053,AC009,ENG009,High Pressure Turbine,Turbine,2026-04-08,1462,1561,4176,4720,Good,1
CMP0054,AC009,ENG009,Low Pressure Turbine,Turbine,2026-08-17,3310,3655,5195,6608,Good,0
CMP0055,AC010,ENG010,Fan,Fan,2025-03-03,2166,1888,7869,7988,Good,0
CMP0056,AC010,ENG010,Low Pressure Compressor,Compressor,2025-03-24,2166,1888,6259,7354,Good,0
CMP0057,AC010,ENG010,High Pressure Compressor,Compressor,2025-04-26,2166,1888,6382,6133,Good,0
CMP0058,AC010,ENG010,Combustor,Combustion,2024-12-29,1278,1273,4101,4020,Good,0
CMP0059,AC010,ENG010,High Pressure Turbine,Turbine,2026-01-22,2166,1888,3658,5542,Good,0
CMP0060,AC010,ENG010,Low Pressure Turbine,Turbine,2023-11-01,2166,1888,5770,7260,Good,0
CMP0061,AC011,ENG011,Fan,Fan,2024-05-15,1358,1413,7463,6876,Good,1
CMP0062,AC011,ENG011,Low Pressure Compressor,Compressor,2024-02-02,1265,1413,5869,6832,Good,0
CMP0063,AC011,ENG011,High Pressure Compressor,Compressor,2025-09-18,458,496,5522,5952,Degraded,0
CMP0064,AC011,ENG011,Combustor,Combustion,2025-03-11,685,807,4824,5718,Watch,1
CMP0065,AC011,ENG011,High Pressure Turbine,Turbine,2026-07-13,1358,1413,4588,5408,Watch,0
CMP0066,AC011,ENG011,Low Pressure Turbine,Turbine,2026-04-27,597,740,5099,6364,Watch,0
CMP0067,AC012,ENG012,Fan,Fan,2025-08-12,1943,2150,7500,8281,Good,0
CMP0068,AC012,ENG012,Low Pressure Compressor,Compressor,2025-08-19,2283,2251,5712,5868,Good,0
CMP0069,AC012,ENG012,High Pressure Compressor,Compressor,2025-12-04,1081,1509,5053,6903,Good,0
CMP0070,AC012,ENG012,Combustor,Combustion,2024-09-14,2506,2324,4885,4124,Good,0
CMP0071,AC012,ENG012,High Pressure Turbine,Turbine,2025-07-29,796,1078,4472,6026,Good,0
CMP0072,AC012,ENG012,Low Pressure Turbine,Turbine,2025-01-21,2506,2324,5777,6347,Good,0
CMP0073,AC013,ENG013,Fan,Fan,2026-03-20,1495,1771,7377,8563,Good,0
CMP0074,AC013,ENG013,Low Pressure Compressor,Compressor,2026-08-25,3859,3414,6577,6455,Good,0
CMP0075,AC013,ENG013,High Pressure Compressor,Compressor,2026-04-27,1749,2300,5442,6963,Watch,0
CMP0076,AC013,ENG013,Combustor,Combustion,2026-06-01,1894,2239,4314,4966,Good,0
CMP0077,AC013,ENG013,High Pressure Turbine,Turbine,2024-04-26,1881,2485,3623,4730,Degraded,0
CMP0078,AC013,ENG013,Low Pressure Turbine,Turbine,2025-04-02,698,636,6304,5560,Good,0
CMP0079,AC014,ENG014,Fan,Fan,2024-11-20,2472,2631,7375,9779,Watch,1
CMP0080,AC014,ENG014,Low Pressure Compressor,Compressor,2023-09-17,1777,1871,6402,6869,Good,0
CMP0081,AC014,ENG014,High Pressure Compressor,Compressor,2026-03-13,2228,2631,4532,5901,Good,0
CMP0082,AC014,ENG014,Combustor,Combustion,2026-02-22,336,299,4276,4076,Good,0
CMP0083,AC014,ENG014,High Pressure Turbine,Turbine,2026-01-02,2472,2631,4905,4839,Watch,1
CMP0084,AC014,ENG014,Low Pressure Turbine,Turbine,2024-01-02,794,964,5569,6578,Good,0
CMP0085,AC015,ENG015,Fan,Fan,2025-02-16,973,1229,7052,8289,Good,0
CMP0086,AC015,ENG015,Low Pressure Compressor,Compressor,2023-07-02,1770,1575,6641,6017,Good,0
CMP0087,AC015,ENG015,High Pressure Compressor,Compressor,2024-12-15,2551,2427,5349,4999,Watch,0
CMP0088,AC015,ENG015,Combustor,Combustion,2025-02-15,965,1151,4299,5100,Good,0
CMP0089,AC015,ENG015,High Pressure Turbine,Turbine,2026-02-28,4146,3868,5259,4809,Good,0
CMP0090,AC015,ENG015,Low Pressure Turbine,Turbine,2026-07-28,3435,4273,6117,7450,Good,0
CMP0091,AC016,ENG016,Fan,Fan,2025-10-31,3184,3008,7442,8044,Degraded,0
CMP0092,AC016,ENG016,Low Pressure Compressor,Compressor,2024-03-14,280,212,6082,5644,Watch,0
CMP0093,AC016,ENG016,High Pressure Compressor,Compressor,2024-08-11,3184,3008,5364,6101,Good,0
CMP0094,AC016,ENG016,Combustor,Combustion,2025-04-01,128,232,3450,5078,Good,0
CMP0095,AC016,ENG016,High Pressure Turbine,Turbine,2026-04-27,1813,1334,4999,3828,Good,0
CMP0096,AC016,ENG016,Low Pressure Turbine,Turbine,2025-02-01,1009,1276,5114,6244,Good,0
CMP0097,AC017,ENG017,Fan,Fan,2025-12-17,3294,4396,7276,9801,Degraded,1
CMP0098,AC017,ENG017,Low Pressure Compressor,Compressor,2025-03-19,1886,2015,6070,6837,Degraded,0
CMP0099,AC017,ENG017,High Pressure Compressor,Compressor,2025-04-15,3926,4439,5938,6995,Good,0
CMP0100,AC017,ENG017,Combustor,Combustion,2026-05-23,910,987,3424,3590,Degraded,0
CMP0101,AC017,ENG017,High Pressure Turbine,Turbine,2026-01-19,1942,1688,4188,3970,Degraded,0
CMP0102,AC017,ENG017,Low Pressure Turbine,Turbine,2024-09-26,1121,1260,5334,5638,Good,0
CMP0103,AC018,ENG018,Fan,Fan,2026-04-03,1823,1751,7441,7517,Good,1
CMP0104,AC018,ENG018,Low Pressure Compressor,Compressor,2023-09-28,1823,1751,5675,7223,Watch,0
CMP0105,AC018,ENG018,High Pressure Compressor,Compressor,2024-05-03,1823,1751,5641,5751,Good,0
CMP0106,AC018,ENG018,Combustor,Combustion,2026-04-13,967,1256,3630,4704,Watch,0
CMP0107,AC018,ENG018,High Pressure Turbine,Turbine,2025-01-11,1329,1522,4092,4769,Watch,0
CMP0108,AC018,ENG018,Low Pressure Turbine,Turbine,2024-06-18,153,207,5447,7101,Good,0
CMP0109,AC019,ENG019,Fan,Fan,2025-12-10,1368,1524,7145,7702,Good,0
CMP0110,AC019,ENG019,Low Pressure Compressor,Compressor,2025-07-21,3082,3206,5178,6965,Watch,0
CMP0111,AC019,ENG019,High Pressure Compressor,Compressor,2023-05-09,3197,3206,5293,5844,Watch,0
CMP0112,AC019,ENG019,Combustor,Combustion,2024-09-08,1563,1501,4202,3929,Good,0
CMP0113,AC019,ENG019,High Pressure Turbine,Turbine,2024-05-12,3197,3206,4430,4567,Watch,0
CMP0114,AC019,ENG019,Low Pressure Turbine,Turbine,2026-08-21,841,1082,4922,6334,Good,0
CMP0115,AC020,ENG020,Fan,Fan,2025-12-11,2185,2183,7706,7727,Good,0
CMP0116,AC020,ENG020,Low Pressure Compressor,Compressor,2026-06-18,2231,2570,5740,6571,Degraded,0
CMP0117,AC020,ENG020,High Pressure Compressor,Compressor,2024-05-30,2242,2655,5954,6674,Degraded,0
CMP0118,AC020,ENG020,Combustor,Combustion,2026-07-28,1621,2075,4028,4928,Watch,0
CMP0119,AC020,ENG020,High Pressure Turbine,Turbine,2025-07-03,3614,3779,4697,5035,Good,0
CMP0120,AC020,ENG020,Low Pressure Turbine,Turbine,2025-08-01,1469,1522,6001,6131,Good,0
CMP0121,AC021,ENG021,Fan,Fan,2025-10-12,3381,3565,7431,8365,Watch,0
CMP0122,AC021,ENG021,Low Pressure Compressor,Compressor,2024-12-02,1208,1261,6522,6486,Good,0
CMP0123,AC021,ENG021,High Pressure Compressor,Compressor,2026-08-30,2812,2799,5652,5452,Good,1
CMP0124,AC021,ENG021,Combustor,Combustion,2025-03-06,1331,2355,3378,5786,Good,0
CMP0125,AC021,ENG021,High Pressure Turbine,Turbine,2025-12-16,1114,1062,4467,4374,Good,0
CMP0126,AC021,ENG021,Low Pressure Turbine,Turbine,2026-02-09,3776,3565,5711,7363,Good,0
CMP0127,AC022,ENG022,Fan,Fan,2025-12-08,2429,2702,7209,8083,Degraded,0
CMP0128,AC022,ENG022,Low Pressure Compressor,Compressor,2024-06-28,733,927,5992,7044,Good,0
CMP0129,AC022,ENG022,High Pressure Compressor,Compressor,2025-08-19,2172,1981,4936,4551,Good,0
CMP0130,AC022,ENG022,Combustor,Combustion,2024-04-02,1835,1723,4307,4019,Good,1
CMP0131,AC022,ENG022,High Pressure Turbine,Turbine,2025-05-16,1628,2000,4650,5706,Good,1
CMP0132,AC022,ENG022,Low Pressure Turbine,Turbine,2026-02-28,2409,2736,5648,6356,Good,0
CMP0133,AC023,ENG023,Fan,Fan,2024-08-23,2664,2536,6946,8548,Watch,0
CMP0134,AC023,ENG023,Low Pressure Compressor,Compressor,2025-03-03,2664,2536,6538,5723,Good,0
CMP0135,AC023,ENG023,High Pressure Compressor,Compressor,2024-07-17,2228,2304,5348,5505,Good,0
CMP0136,AC023,ENG023,Combustor,Combustion,2026-02-11,511,523,4109,4051,Degraded,0
CMP0137,AC023,ENG023,High Pressure Turbine,Turbine,2026-03-30,2501,2536,3655,5467,Good,1
CMP0138,AC023,ENG023,Low Pressure Turbine,Turbine,2025-05-03,2664,2536,5765,7176,Good,0
CMP0139,AC024,ENG024,Fan,Fan,2025-06-20,3345,3321,7603,8022,Watch,0
CMP0140,AC024,ENG024,Low Pressure Compressor,Compressor,2025-09-27,1852,2168,5755,6728,Good,0
CMP0141,AC024,ENG024,High Pressure Compressor,Compressor,2025-10-04,3069,3321,4808,5636,Good,0
CMP0142,AC024,ENG024,Combustor,Combustion,2025-02-05,2260,2478,3956,4332,Good,0
CMP0143,AC024,ENG024,High Pressure Turbine,Turbine,2025-01-05,1166,1479,4607,5469,Good,0
CMP0144,AC024,ENG024,Low Pressure Turbine,Turbine,2025-02-09,1204,1621,5451,7159,Good,0
CMP0145,AC025,ENG025,Fan,Fan,2026-09-06,2837,2985,7602,8157,Good,0
CMP0146,AC025,ENG025,Low Pressure Compressor,Compressor,2024-06-25,1072,1234,6194,6589,Good,0
CMP0147,AC025,ENG025,High Pressure Compressor,Compressor,2025-02-25,2704,3000,4998,5536,Good,0
CMP0148,AC025,ENG025,Combustor,Combustion,2024-11-06,309,407,3597,4681,Good,0
CMP0149,AC025,ENG025,High Pressure Turbine,Turbine,2026-05-26,2109,2047,4310,4135,Watch,0
CMP0150,AC025,ENG025,Low Pressure Turbine,Turbine,2024-12-04,1738,2098,5432,6976,Good,0
CMP0151,AC026,ENG026,Fan,Fan,2025-01-10,2745,3117,7057,8093,Good,0
CMP0152,AC026,ENG026,Low Pressure Compressor,Compressor,2024-02-19,2706,3350,5717,7004,Good,0
CMP0153,AC026,ENG026,High Pressure Compressor,Compressor,2026-04-05,2063,2708,5083,6596,Good,0
CMP0154,AC026,ENG026,Combustor,Combustion,2025-07-08,808,753,4179,3731,Good,2
CMP0155,AC026,ENG026,High Pressure Turbine,Turbine,2025-12-17,2063,2365,5125,6014,Good,0
CMP0156,AC026,ENG026,Low Pressure Turbine,Turbine,2025-03-18,3719,3713,5670,5650,Good,1
CMP0157,AC027,ENG027,Fan,Fan,2026-02-03,2827,2262,7043,8488,Good,0
CMP0158,AC027,ENG027,Low Pressure Compressor,Compressor,2024-04-02,2827,2262,6223,8255,Watch,0
CMP0159,AC027,ENG027,High Pressure Compressor,Compressor,2025-04-10,579,497,5988,4905,Watch,0
CMP0160,AC027,ENG027,Combustor,Combustion,2026-07-01,433,526,3632,4147,Good,1
CMP0161,AC027,ENG027,High Pressure Turbine,Turbine,2025-10-06,200,221,4486,4901,Good,0
CMP0162,AC027,ENG027,Low Pressure Turbine,Turbine,2026-06-09,11,103,5813,6494,Good,1
CMP0163,AC028,ENG028,Fan,Fan,2026-01-14,572,610,7559,7421,Good,0
CMP0164,AC028,ENG028,Low Pressure Compressor,Compressor,2025-05-09,2513,3005,6476,7640,Good,0
CMP0165,AC028,ENG028,High Pressure Compressor,Compressor,2025-08-27,2746,2588,5918,4983,Good,0
CMP0166,AC028,ENG028,Combustor,Combustion,2024-11-29,2093,2026,3854,3821,Watch,1
CMP0167,AC028,ENG028,High Pressure Turbine,Turbine,2026-08-31,827,1092,3879,5145,Watch,0
CMP0168,AC028,ENG028,Low Pressure Turbine,Turbine,2025-11-17,2746,3144,6036,7065,Good,0
CMP0169,AC029,ENG029,Fan,Fan,2026-02-04,506,486,7271,7142,Watch,1
CMP0170,AC029,ENG029,Low Pressure Compressor,Compressor,2026-01-25,1899,2026,6090,6705,Good,0
CMP0171,AC029,ENG029,High Pressure Compressor,Compressor,2025-06-09,983,1304,4813,5849,Good,0
CMP0172,AC029,ENG029,Combustor,Combustion,2023-05-19,3138,3360,4496,4798,Good,0
CMP0173,AC029,ENG029,High Pressure Turbine,Turbine,2024-03-22,2407,2178,4358,3976,Watch,0
CMP0174,AC029,ENG029,Low Pressure Turbine,Turbine,2024-09-18,798,1069,4971,6673,Degraded,1
CMP0175,AC030,ENG030,Fan,Fan,2024-11-30,2879,2774,7562,7803,Good,0
CMP0176,AC030,ENG030,Low Pressure Compressor,Compressor,2026-01-29,1513,1921,5673,7075,Good,0
CMP0177,AC030,ENG030,High Pressure Compressor,Compressor,2024-04-29,2087,2290,5651,6320,Degraded,0
CMP0178,AC030,ENG030,Combustor,Combustion,2024-08-25,869,996,3588,4199,Good,0
CMP0179,AC030,ENG030,High Pressure Turbine,Turbine,2024-07-01,1958,2304,4698,5432,Good,0
CMP0180,AC030,ENG030,Low Pressure Turbine,Turbine,2026-03-24,1476,1767,5628,6832,Watch,0
CMP0181,AC031,ENG031,Fan,Fan,2025-08-31,786,649,7653,8541,Good,0
CMP0182,AC031,ENG031,Low Pressure Compressor,Compressor,2025-03-25,434,550,5537,7182,Watch,0
CMP0183,AC031,ENG031,High Pressure Compressor,Compressor,2024-11-22,222,216,6058,6757,Good,1
CMP0184,AC031,ENG031,Combustor,Combustion,2024-01-21,786,649,4021,4389,Watch,0
CMP0185,AC031,ENG031,High Pressure Turbine,Turbine,2024-08-16,786,649,4681,5668,Good,1
CMP0186,AC031,ENG031,Low Pressure Turbine,Turbine,2025-02-24,786,649,5201,6487,Good,0
CMP0187,AC032,ENG032,Fan,Fan,2026-02-23,1570,1704,7547,8752,Degraded,0
CMP0188,AC032,ENG032,Low Pressure Compressor,Compressor,2024-11-24,1753,1704,5873,7752,Good,1
CMP0189,AC032,ENG032,High Pressure Compressor,Compressor,2024-10-14,1753,1704,6036,5517,Good,0
CMP0190,AC032,ENG032,Combustor,Combustion,2025-07-09,1753,1704,4012,5069,Good,0
CMP0191,AC032,ENG032,High Pressure Turbine,Turbine,2025-07-24,1753,1704,4238,4939,Good,0
CMP0192,AC032,ENG032,Low Pressure Turbine,Turbine,2026-07-15,1216,1195,5497,5385,Degraded,0
CMP0193,AC033,ENG033,Fan,Fan,2024-07-05,207,205,6836,7891,Good,0
CMP0194,AC033,ENG033,Low Pressure Compressor,Compressor,2024-10-07,3592,3637,6162,7021,Good,0
CMP0195,AC033,ENG033,High Pressure Compressor,Compressor,2026-04-03,2169,1783,5927,5081,Good,0
CMP0196,AC033,ENG033,Combustor,Combustion,2024-05-07,2069,2436,3488,4049,Good,0
CMP0197,AC033,ENG033,High Pressure Turbine,Turbine,2023-10-11,3447,3101,5108,4638,Good,0
CMP0198,AC033,ENG033,Low Pressure Turbine,Turbine,2026-04-20,2782,3250,5911,6807,Good,0
CMP0199,AC034,ENG034,Fan,Fan,2025-05-18,3116,3063,6769,8807,Good,0
CMP0200,AC034,ENG034,Low Pressure Compressor,Compressor,2024-03-07,3116,3063,5797,6185,Good,0
CMP0201,AC034,ENG034,High Pressure Compressor,Compressor,2026-02-23,2655,3011,5396,6044,Good,0
CMP0202,AC034,ENG034,Combustor,Combustion,2024-04-20,1099,1102,4806,4688,Good,0
CMP0203,AC034,ENG034,High Pressure Turbine,Turbine,2024-04-30,925,1198,4662,6120,Good,0
CMP0204,AC034,ENG034,Low Pressure Turbine,Turbine,2024-12-18,1102,1597,5737,7948,Good,0
CMP0205,AC035,ENG035,Fan,Fan,2025-03-22,521,580,7636,8571,Good,0
CMP0206,AC035,ENG035,Low Pressure Compressor,Compressor,2025-06-21,1459,1313,6365,8064,Good,0
CMP0207,AC035,ENG035,High Pressure Compressor,Compressor,2024-02-04,1459,1313,5597,5576,Good,0
CMP0208,AC035,ENG035,Combustor,Combustion,2026-09-22,1459,1313,4238,4870,Watch,0
CMP0209,AC035,ENG035,High Pressure Turbine,Turbine,2025-04-09,1459,1313,4903,4680,Good,0
CMP0210,AC035,ENG035,Low Pressure Turbine,Turbine,2024-06-23,1459,1313,5828,6642,Good,0
CMP0211,AC036,ENG036,Fan,Fan,2026-09-04,2324,2445,7014,8052,Good,0
CMP0212,AC036,ENG036,Low Pressure Compressor,Compressor,2024-08-16,2094,2445,5678,8243,Degraded,0
CMP0213,AC036,ENG036,High Pressure Compressor,Compressor,2025-01-09,2206,2445,5205,6786,Good,0
CMP0214,AC036,ENG036,Combustor,Combustion,2026-06-26,1107,1081,4516,4297,Good,0
CMP0215,AC036,ENG036,High Pressure Turbine,Turbine,2024-10-20,2324,2445,4618,5173,Watch,0
CMP0216,AC036,ENG036,Low Pressure Turbine,Turbine,2025-03-07,2324,2445,6090,7179,Good,1
CMP0217,AC037,ENG037,Fan,Fan,2025-02-18,2701,2829,7111,8528,Good,0
CMP0218,AC037,ENG037,Low Pressure Compressor,Compressor,2023-11-22,2701,2829,5570,6723,Good,0
CMP0219,AC037,ENG037,High Pressure Compressor,Compressor,2025-06-06,2701,2829,5754,6463,Watch,0
CMP0220,AC037,ENG037,Combustor,Combustion,2026-08-14,1150,956,4468,3909,Degraded,0
CMP0221,AC037,ENG037,High Pressure Turbine,Turbine,2025-09-27,1086,1395,4034,5367,Good,0
CMP0222,AC037,ENG037,Low Pressure Turbine,Turbine,2025-08-01,908,939,5984,6281,Good,0
CMP0223,AC038,ENG038,Fan,Fan,2026-06-03,2065,1787,6968,6906,Good,0
CMP0224,AC038,ENG038,Low Pressure Compressor,Compressor,2025-08-10,2065,1787,6621,6869,Good,0
CMP0225,AC038,ENG038,High Pressure Compressor,Compressor,2025-10-15,1262,1397,5313,5611,Good,0
CMP0226,AC038,ENG038,Combustor,Combustion,2025-07-01,1886,1787,3447,3860,Good,0
CMP0227,AC038,ENG038,High Pressure Turbine,Turbine,2026-08-06,2065,1787,4871,5763,Good,0
CMP0228,AC038,ENG038,Low Pressure Turbine,Turbine,2026-04-17,635,640,5720,5568,Watch,0
CMP0229,AC039,ENG039,Fan,Fan,2024-05-10,4201,4624,7550,8221,Good,0
CMP0230,AC039,ENG039,Low Pressure Compressor,Compressor,2025-01-04,4467,5074,5931,6760,Good,0
CMP0231,AC039,ENG039,High Pressure Compressor,Compressor,2026-07-08,3156,3126,6466,6375,Watch,0
CMP0232,AC039,ENG039,Combustor,Combustion,2025-05-08,548,487,3451,3620,Degraded,0
CMP0233,AC039,ENG039,High Pressure Turbine,Turbine,2023-12-31,514,267,4242,3843,Good,0
CMP0234,AC039,ENG039,Low Pressure Turbine,Turbine,2025-06-14,3227,4136,5690,7041,Good,0
CMP0235,AC040,ENG040,Fan,Fan,2025-02-19,1540,1564,7388,7896,Watch,0
CMP0236,AC040,ENG040,Low Pressure Compressor,Compressor,2025-12-17,2865,3473,5571,7011,Good,0
CMP0237,AC040,ENG040,High Pressure Compressor,Compressor,2025-08-10,1310,1286,6167,5906,Good,0
CMP0238,AC040,ENG040,Combustor,Combustion,2025-07-06,1715,1645,4425,4536,Good,2
CMP0239,AC040,ENG040,High Pressure Turbine,Turbine,2026-05-03,2479,1946,4847,4008,Good,1
CMP0240,AC040,ENG040,Low Pressure Turbine,Turbine,2025-10-11,604,659,6325,6056,Good,0
CMP0241,AC041,ENG041,Fan,Fan,2026-05-31,2219,2253,7399,8779,Watch,0
CMP0242,AC041,ENG041,Low Pressure Compressor,Compressor,2024-12-26,2219,2253,5950,7527,Good,0
CMP0243,AC041,ENG041,High Pressure Compressor,Compressor,2026-03-02,2219,2253,5554,5895,Good,0
CMP0244,AC041,ENG041,Combustor,Combustion,2026-08-13,1207,895,4093,3106,Good,0
CMP0245,AC041,ENG041,High Pressure Turbine,Turbine,2025-07-15,1656,1748,4749,5104,Good,0
CMP0246,AC041,ENG041,Low Pressure Turbine,Turbine,2024-03-05,2080,2253,5544,6972,Good,0
CMP0247,AC042,ENG042,Fan,Fan,2024-06-25,1115,1163,7230,7503,Good,0
CMP0248,AC042,ENG042,Low Pressure Compressor,Compressor,2024-08-27,2429,2905,5980,8397,Good,0
CMP0249,AC042,ENG042,High Pressure Compressor,Compressor,2025-03-31,2996,2905,6063,5411,Watch,1
CMP0250,AC042,ENG042,Combustor,Combustion,2025-08-17,1792,2398,3716,4929,Watch,0
CMP0251,AC042,ENG042,High Pressure Turbine,Turbine,2026-02-06,2022,2640,4310,5566,Good,0
CMP0252,AC042,ENG042,Low Pressure Turbine,Turbine,2024-04-09,2464,2761,5202,5946,Good,0
CMP0253,AC043,ENG043,Fan,Fan,2025-04-11,1339,1611,7059,8162,Good,0
CMP0254,AC043,ENG043,Low Pressure Compressor,Compressor,2024-08-28,2107,3064,5352,7605,Good,0
CMP0255,AC043,ENG043,High Pressure Compressor,Compressor,2025-06-14,2746,2695,5969,5657,Degraded,0
CMP0256,AC043,ENG043,Combustor,Combustion,2023-12-22,2829,2742,4199,4040,Good,0
CMP0257,AC043,ENG043,High Pressure Turbine,Turbine,2023-06-13,2028,1942,4574,4619,Good,0
CMP0258,AC043,ENG043,Low Pressure Turbine,Turbine,2025-11-13,1718,2205,5543,6943,Good,0
CMP0259,AC044,ENG044,Fan,Fan,2025-07-29,1369,1424,7391,8140,Good,0
CMP0260,AC044,ENG044,Low Pressure Compressor,Compressor,2023-08-14,4219,4453,6015,7681,Good,0
CMP0261,AC044,ENG044,High Pressure Compressor,Compressor,2025-08-06,1563,1387,6276,5571,Good,0
CMP0262,AC044,ENG044,Combustor,Combustion,2026-03-23,1211,1227,3633,3618,Good,0
CMP0263,AC044,ENG044,High Pressure Turbine,Turbine,2025-08-27,1225,1269,4205,4013,Watch,0
CMP0264,AC044,ENG044,Low Pressure Turbine,Turbine,2024-01-30,1024,1465,4896,6956,Good,1
CMP0265,AC045,ENG045,Fan,Fan,2025-11-07,3020,2550,6662,7470,Good,0
CMP0266,AC045,ENG045,Low Pressure Compressor,Compressor,2025-07-02,2923,2550,6183,7209,Watch,1
CMP0267,AC045,ENG045,High Pressure Compressor,Compressor,2024-02-11,1086,1136,5637,6059,Good,0
CMP0268,AC045,ENG045,Combustor,Combustion,2026-03-18,1280,1504,3938,4811,Good,0
CMP0269,AC045,ENG045,High Pressure Turbine,Turbine,2025-12-11,2764,2550,4421,4618,Good,0
CMP0270,AC045,ENG045,Low Pressure Turbine,Turbine,2025-10-09,1660,1600,6181,6208,Good,0
CMP0271,AC046,ENG046,Fan,Fan,2024-05-14,3829,4030,7436,9277,Good,0
CMP0272,AC046,ENG046,Low Pressure Compressor,Compressor,2025-01-09,2421,2872,5789,6842,Watch,0
CMP0273,AC046,ENG046,High Pressure Compressor,Compressor,2025-07-18,3587,3781,5511,5961,Good,1
CMP0274,AC046,ENG046,Combustor,Combustion,2025-07-12,714,901,4062,4556,Good,0
CMP0275,AC046,ENG046,High Pressure Turbine,Turbine,2025-11-27,389,338,3932,4073,Degraded,0
CMP0276,AC046,ENG046,Low Pressure Turbine,Turbine,2026-06-24,3809,3680,5745,5557,Good,0
CMP0277,AC047,ENG047,Fan,Fan,2026-04-28,2061,1989,6922,8127,Good,0
CMP0278,AC047,ENG047,Low Pressure Compressor,Compressor,2026-09-17,1211,1487,5939,7127,Good,0
CMP0279,AC047,ENG047,High Pressure Compressor,Compressor,2026-06-25,2061,1989,5452,5736,Good,0
CMP0280,AC047,ENG047,Combustor,Combustion,2026-04-26,2061,1989,3587,5438,Watch,0
CMP0281,AC047,ENG047,High Pressure Turbine,Turbine,2024-09-16,2061,1989,5174,5249,Watch,0
CMP0282,AC047,ENG047,Low Pressure Turbine,Turbine,2026-02-01,2061,1989,5441,6947,Watch,0
CMP0283,AC048,ENG048,Fan,Fan,2025-10-16,1442,1441,7589,7840,Good,1
CMP0284,AC048,ENG048,Low Pressure Compressor,Compressor,2024-11-07,1249,1550,5886,7240,Good,0
CMP0285,AC048,ENG048,High Pressure Compressor,Compressor,2025-11-08,1735,2024,5541,6912,Good,0
CMP0286,AC048,ENG048,Combustor,Combustion,2025-09-20,1020,1329,4208,5347,Watch,0
CMP0287,AC048,ENG048,High Pressure Turbine,Turbine,2024-05-06,791,791,4823,5000,Good,0
CMP0288,AC048,ENG048,Low Pressure Turbine,Turbine,2025-06-21,1735,2024,5519,6469,Watch,0
CMP0289,AC049,ENG049,Fan,Fan,2025-07-07,1779,1958,7163,8301,Good,0
CMP0290,AC049,ENG049,Low Pressure Compressor,Compressor,2026-02-10,1529,1426,6084,5669,Good,1
CMP0291,AC049,ENG049,High Pressure Compressor,Compressor,2026-09-21,1989,1958,5459,7087,Watch,0
CMP0292,AC049,ENG049,Combustor,Combustion,2023-07-03,1649,1958,3984,5396,Good,0
CMP0293,AC049,ENG049,High Pressure Turbine,Turbine,2024-05-01,1989,1958,5020,4387,Good,0
CMP0294,AC049,ENG049,Low Pressure Turbine,Turbine,2025-11-18,826,962,5345,6422,Good,0
CMP0295,AC050,ENG050,Fan,Fan,2024-08-06,3548,4081,7622,8441,Good,0
CMP0296,AC050,ENG050,Low Pressure Compressor,Compressor,2025-05-15,1765,2128,6341,7621,Good,0
CMP0297,AC050,ENG050,High Pressure Compressor,Compressor,2026-06-06,3278,2816,5945,5064,Watch,0
CMP0298,AC050,ENG050,Combustor,Combustion,2025-11-05,2581,2874,4357,4954,Good,1
CMP0299,AC050,ENG050,High Pressure Turbine,Turbine,2026-04-16,2797,4081,4009,5818,Good,0
CMP0300,AC050,ENG050,Low Pressure Turbine,Turbine,2026-09-06,1398,1653,5594,6550,Good,0
CMP0301,AC051,ENG051,Fan,Fan,2026-01-05,1180,1063,7523,7759,Good,0
CMP0302,AC051,ENG051,Low Pressure Compressor,Compressor,2026-05-08,753,747,6052,6014,Good,0
CMP0303,AC051,ENG051,High Pressure Compressor,Compressor,2026-02-09,1180,1063,5886,5257,Good,0
CMP0304,AC051,ENG051,Combustor,Combustion,2025-06-24,1180,1063,3322,5304,Good,0
CMP0305,AC051,ENG051,High Pressure Turbine,Turbine,2023-12-04,1180,1063,4042,4894,Good,0
CMP0306,AC051,ENG051,Low Pressure Turbine,Turbine,2024-10-16,1180,1063,5171,6457,Good,0
CMP0307,AC052,ENG052,Fan,Fan,2026-03-13,2953,3234,6950,8779,Good,0
CMP0308,AC052,ENG052,Low Pressure Compressor,Compressor,2025-04-23,1807,1972,5862,5985,Good,0
CMP0309,AC052,ENG052,High Pressure Compressor,Compressor,2026-05-16,1546,1545,5371,5417,Good,0
CMP0310,AC052,ENG052,Combustor,Combustion,2024-03-06,1751,1541,3777,3429,Good,0
CMP0311,AC052,ENG052,High Pressure Turbine,Turbine,2024-11-24,2881,3106,4676,5043,Good,0
CMP0312,AC052,ENG052,Low Pressure Turbine,Turbine,2025-02-13,1396,1813,5674,7809,Good,0
CMP0313,AC053,ENG053,Fan,Fan,2024-05-19,2834,2915,7360,8867,Good,0
CMP0314,AC053,ENG053,Low Pressure Compressor,Compressor,2026-04-27,1251,1560,5846,6968,Watch,0
CMP0315,AC053,ENG053,High Pressure Compressor,Compressor,2026-01-21,2834,2915,5302,6140,Watch,0
CMP0316,AC053,ENG053,Combustor,Combustion,2026-03-24,2030,2189,4453,4905,Good,0
CMP0317,AC053,ENG053,High Pressure Turbine,Turbine,2025-04-20,2834,2642,4982,4298,Good,0
CMP0318,AC053,ENG053,Low Pressure Turbine,Turbine,2025-06-08,1192,1052,5704,5086,Good,0
CMP0319,AC054,ENG054,Fan,Fan,2026-02-02,3455,4190,7382,8775,Good,0
CMP0320,AC054,ENG054,Low Pressure Compressor,Compressor,2025-12-28,1921,2712,5388,7296,Watch,0
CMP0321,AC054,ENG054,High Pressure Compressor,Compressor,2026-02-06,1391,1600,5137,5475,Good,1
CMP0322,AC054,ENG054,Combustor,Combustion,2026-04-20,1740,2805,3461,5653,Good,1
CMP0323,AC054,ENG054,High Pressure Turbine,Turbine,2025-01-21,3142,2576,5052,4201,Good,0
CMP0324,AC054,ENG054,Low Pressure Turbine,Turbine,2026-06-20,2079,2053,5712,5890,Watch,0
CMP0325,AC055,ENG055,Fan,Fan,2025-10-30,2848,2893,7529,7379,Good,0
CMP0326,AC055,ENG055,Low Pressure Compressor,Compressor,2025-03-21,2848,2893,5904,7578,Watch,0
CMP0327,AC055,ENG055,High Pressure Compressor,Compressor,2025-09-28,1663,2161,5775,7382,Good,0
CMP0328,AC055,ENG055,Combustor,Combustion,2024-01-14,802,947,3978,4538,Good,0
CMP0329,AC055,ENG055,High Pressure Turbine,Turbine,2024-03-05,2395,2348,5055,5104,Watch,0
CMP0330,AC055,ENG055,Low Pressure Turbine,Turbine,2026-05-14,858,1100,5220,6667,Good,0
CMP0331,AC056,ENG056,Fan,Fan,2024-03-04,1721,2070,7004,8837,Degraded,0
CMP0332,AC056,ENG056,Low Pressure Compressor,Compressor,2024-09-24,2206,2616,6046,6867,Watch,1
CMP0333,AC056,ENG056,High Pressure Compressor,Compressor,2025-10-22,715,655,5656,5837,Good,0
CMP0334,AC056,ENG056,Combustor,Combustion,2025-02-20,3087,3318,4743,5229,Good,0
CMP0335,AC056,ENG056,High Pressure Turbine,Turbine,2026-03-22,2291,2212,4146,3955,Good,0
CMP0336,AC056,ENG056,Low Pressure Turbine,Turbine,2023-08-10,2167,2878,4678,6031,Watch,0
CMP0337,AC057,ENG057,Fan,Fan,2026-03-05,3637,3531,7680,8422,Good,0
CMP0338,AC057,ENG057,Low Pressure Compressor,Compressor,2025-03-12,3637,3531,5926,6833,Good,0
CMP0339,AC057,ENG057,High Pressure Compressor,Compressor,2025-07-09,3637,3392,5640,4824,Good,0
CMP0340,AC057,ENG057,Combustor,Combustion,2024-11-01,1481,1890,3699,4830,Watch,0
CMP0341,AC057,ENG057,High Pressure Turbine,Turbine,2026-01-02,1994,1732,4944,4201,Watch,0
CMP0342,AC057,ENG057,Low Pressure Turbine,Turbine,2024-04-15,1790,2138,5856,6498,Good,0
CMP0343,AC058,ENG058,Fan,Fan,2024-09-01,2968,2516,7743,7909,Good,0
CMP0344,AC058,ENG058,Low Pressure Compressor,Compressor,2025-07-08,1405,1440,6247,6636,Good,0
CMP0345,AC058,ENG058,High Pressure Compressor,Compressor,2024-09-22,2968,2516,5600,7230,Good,0
CMP0346,AC058,ENG058,Combustor,Combustion,2024-10-02,624,557,4468,4046,Good,0
CMP0347,AC058,ENG058,High Pressure Turbine,Turbine,2023-12-08,808,765,4636,4064,Good,0
CMP0348,AC058,ENG058,Low Pressure Turbine,Turbine,2026-07-03,1895,2257,5284,6224,Good,0
CMP0349,AC059,ENG059,Fan,Fan,2025-07-23,3211,3886,7130,8465,Good,0
CMP0350,AC059,ENG059,Low Pressure Compressor,Compressor,2026-03-10,4664,5383,5639,7390,Good,0
CMP0351,AC059,ENG059,High Pressure Compressor,Compressor,2025-06-18,1638,1815,5433,5704,Watch,0
CMP0352,AC059,ENG059,Combustor,Combustion,2024-05-28,1544,1511,3694,3824,Good,0
CMP0353,AC059,ENG059,High Pressure Turbine,Turbine,2025-07-20,2508,2473,4895,4612,Good,0
CMP0354,AC059,ENG059,Low Pressure Turbine,Turbine,2024-07-16,3087,3741,5243,6505,Good,0
CMP0355,AC060,ENG060,Fan,Fan,2024-10-12,4029,3702,7185,7062,Watch,1
CMP0356,AC060,ENG060,Low Pressure Compressor,Compressor,2023-12-04,747,980,6156,7620,Good,1
CMP0357,AC060,ENG060,High Pressure Compressor,Compressor,2024-12-31,2569,3135,5798,6964,Good,0
CMP0358,AC060,ENG060,Combustor,Combustion,2023-12-30,1808,1805,3938,3981,Good,2
CMP0359,AC060,ENG060,High Pressure Turbine,Turbine,2026-03-04,278,424,4299,5936,Good,0
CMP0360,AC060,ENG060,Low Pressure Turbine,Turbine,2025-03-31,4029,3702,5454,6165,Good,2
CMP0361,AC061,ENG061,Fan,Fan,2025-05-25,3132,3036,6943,7045,Good,0
CMP0362,AC061,ENG061,Low Pressure Compressor,Compressor,2025-11-11,3132,3036,6542,7113,Good,0
CMP0363,AC061,ENG061,High Pressure Compressor,Compressor,2025-10-03,2234,2613,5083,5937,Good,0
CMP0364,AC061,ENG061,Combustor,Combustion,2024-02-16,587,493,3866,3413,Good,0
CMP0365,AC061,ENG061,High Pressure Turbine,Turbine,2025-09-10,2638,3036,4868,5883,Good,0
CMP0366,AC061,ENG061,Low Pressure Turbine,Turbine,2026-01-22,3132,3036,5460,6751,Good,0
CMP0367,AC062,ENG062,Fan,Fan,2025-11-07,4074,4044,7193,7590,Degraded,0
CMP0368,AC062,ENG062,Low Pressure Compressor,Compressor,2025-09-24,2358,2778,6409,7705,Good,0
CMP0369,AC062,ENG062,High Pressure Compressor,Compressor,2026-08-18,3568,3620,5844,6085,Good,0
CMP0370,AC062,ENG062,Combustor,Combustion,2025-12-14,1769,2046,4056,4681,Good,0
CMP0371,AC062,ENG062,High Pressure Turbine,Turbine,2024-06-22,1108,977,4390,3924,Good,1
CMP0372,AC062,ENG062,Low Pressure Turbine,Turbine,2025-12-01,1366,1713,5816,6924,Good,0
CMP0373,AC063,ENG063,Fan,Fan,2025-02-03,1926,1630,7079,7152,Good,0
CMP0374,AC063,ENG063,Low Pressure Compressor,Compressor,2026-01-01,1926,1630,5853,7598,Degraded,0
CMP0375,AC063,ENG063,High Pressure Compressor,Compressor,2026-06-12,1926,1630,4746,6154,Watch,0
CMP0376,AC063,ENG063,Combustor,Combustion,2025-02-25,399,424,3415,3927,Good,0
CMP0377,AC063,ENG063,High Pressure Turbine,Turbine,2026-05-16,1601,1493,4702,4452,Good,0
CMP0378,AC063,ENG063,Low Pressure Turbine,Turbine,2026-07-17,1926,1630,5761,6452,Watch,0
CMP0379,AC064,ENG064,Fan,Fan,2024-01-08,3544,3029,7715,8437,Watch,0
CMP0380,AC064,ENG064,Low Pressure Compressor,Compressor,2024-08-16,1273,1471,6398,7416,Good,1
CMP0381,AC064,ENG064,High Pressure Compressor,Compressor,2025-02-10,2414,2251,5659,5429,Good,0
CMP0382,AC064,ENG064,Combustor,Combustion,2024-11-03,865,1409,3355,5500,Watch,0
CMP0383,AC064,ENG064,High Pressure Turbine,Turbine,2026-04-13,1829,2188,4035,4862,Good,0
CMP0384,AC064,ENG064,Low Pressure Turbine,Turbine,2026-01-31,1323,1293,5507,5712,Good,0
CMP0385,AC065,ENG065,Fan,Fan,2026-04-28,2623,2737,6966,7444,Good,0
CMP0386,AC065,ENG065,Low Pressure Compressor,Compressor,2026-06-05,1471,1620,6437,7028,Good,0
CMP0387,AC065,ENG065,High Pressure Compressor,Compressor,2024-12-12,2623,2737,5262,7142,Good,0
CMP0388,AC065,ENG065,Combustor,Combustion,2026-04-08,1059,1624,3546,5437,Good,0
CMP0389,AC065,ENG065,High Pressure Turbine,Turbine,2023-08-14,2623,2737,4976,4711,Good,0
CMP0390,AC065,ENG065,Low Pressure Turbine,Turbine,2025-05-08,1750,2168,5268,6484,Good,0
CMP0391,AC066,ENG066,Fan,Fan,2025-05-08,2934,2796,6775,9207,Good,1
CMP0392,AC066,ENG066,Low Pressure Compressor,Compressor,2025-10-19,379,458,5939,7640,Good,0
CMP0393,AC066,ENG066,High Pressure Compressor,Compressor,2026-08-19,2188,2179,5418,5399,Good,0
CMP0394,AC066,ENG066,Combustor,Combustion,2025-11-11,2934,2796,4131,4012,Watch,0
CMP0395,AC066,ENG066,High Pressure Turbine,Turbine,2025-05-18,1887,2574,4016,5432,Watch,0
CMP0396,AC066,ENG066,Low Pressure Turbine,Turbine,2024-07-17,2779,2796,5351,6576,Good,0
CMP0397,AC067,ENG067,Fan,Fan,2025-07-23,970,997,6780,7594,Good,0
CMP0398,AC067,ENG067,Low Pressure Compressor,Compressor,2025-11-15,571,506,6406,6161,Good,0
CMP0399,AC067,ENG067,High Pressure Compressor,Compressor,2026-03-19,3483,3858,4956,5445,Degraded,1
CMP0400,AC067,ENG067,Combustor,Combustion,2025-11-18,1982,2179,3773,4113,Watch,1
CMP0401,AC067,ENG067,High Pressure Turbine,Turbine,2026-02-27,1929,1546,4700,4052,Good,0
CMP0402,AC067,ENG067,Low Pressure Turbine,Turbine,2025-08-02,4246,4574,5192,5489,Watch,0
CMP0403,AC068,ENG068,Fan,Fan,2025-02-05,1969,2108,7023,8298,Watch,0
CMP0404,AC068,ENG068,Low Pressure Compressor,Compressor,2024-09-02,523,606,6509,7587,Good,0
CMP0405,AC068,ENG068,High Pressure Compressor,Compressor,2024-12-31,1546,1759,5410,6167,Watch,0
CMP0406,AC068,ENG068,Combustor,Combustion,2025-11-04,456,537,4024,5037,Good,0
CMP0407,AC068,ENG068,High Pressure Turbine,Turbine,2025-03-18,1443,1750,4526,5532,Good,0
CMP0408,AC068,ENG068,Low Pressure Turbine,Turbine,2025-10-21,1969,2108,5236,6605,Watch,0
CMP0409,AC069,ENG069,Fan,Fan,2025-08-19,420,533,7314,8274,Good,0
CMP0410,AC069,ENG069,Low Pressure Compressor,Compressor,2024-01-19,2361,2419,6148,6641,Degraded,0
CMP0411,AC069,ENG069,High Pressure Compressor,Compressor,2025-09-26,1925,1641,5492,4935,Watch,0
CMP0412,AC069,ENG069,Combustor,Combustion,2025-08-21,962,869,4030,3524,Good,0
CMP0413,AC069,ENG069,High Pressure Turbine,Turbine,2024-05-28,863,843,4529,4608,Good,0
CMP0414,AC069,ENG069,Low Pressure Turbine,Turbine,2025-06-19,2361,2419,5899,7093,Good,0
CMP0415,AC070,ENG070,Fan,Fan,2026-02-06,2022,1892,7324,7451,Good,0
CMP0416,AC070,ENG070,Low Pressure Compressor,Compressor,2025-12-07,325,373,6153,7071,Good,0
CMP0417,AC070,ENG070,High Pressure Compressor,Compressor,2026-01-13,2022,1892,5866,5817,Watch,0
CMP0418,AC070,ENG070,Combustor,Combustion,2025-08-10,2022,1892,3820,4776,Good,0
CMP0419,AC070,ENG070,High Pressure Turbine,Turbine,2026-03-06,1563,1851,4893,5710,Watch,0
CMP0420,AC070,ENG070,Low Pressure Turbine,Turbine,2026-04-24,2022,1892,5730,5214,Watch,0
CMP0421,AC071,ENG071,Fan,Fan,2025-03-27,2524,2472,7619,7464,Good,0
CMP0422,AC071,ENG071,Low Pressure Compressor,Compressor,2026-02-21,2079,2664,6336,8378,Good,0
CMP0423,AC071,ENG071,High Pressure Compressor,Compressor,2025-08-27,628,795,5018,6110,Good,0
CMP0424,AC071,ENG071,Combustor,Combustion,2024-12-20,1090,840,4596,3476,Good,0
CMP0425,AC071,ENG071,High Pressure Turbine,Turbine,2025-01-07,3345,3832,3938,5552,Good,0
CMP0426,AC071,ENG071,Low Pressure Turbine,Turbine,2026-03-24,4084,3832,5129,7164,Good,0
CMP0427,AC072,ENG072,Fan,Fan,2024-04-20,3035,3291,7483,8039,Good,0
CMP0428,AC072,ENG072,Low Pressure Compressor,Compressor,2025-07-04,1164,1407,5758,7229,Good,0
CMP0429,AC072,ENG072,High Pressure Compressor,Compressor,2024-03-14,2183,2110,5827,5712,Watch,1
CMP0430,AC072,ENG072,Combustor,Combustion,2024-08-23,1365,1399,4064,4239,Good,0
CMP0431,AC072,ENG072,High Pressure Turbine,Turbine,2024-04-06,2586,2512,5363,5351,Good,0
CMP0432,AC072,ENG072,Low Pressure Turbine,Turbine,2025-04-09,2520,3232,5618,7151,Good,0
CMP0433,AC073,ENG073,Fan,Fan,2026-01-02,1708,1861,7398,8057,Good,0
CMP0434,AC073,ENG073,Low Pressure Compressor,Compressor,2025-01-03,2266,2337,5934,6915,Watch,0
CMP0435,AC073,ENG073,High Pressure Compressor,Compressor,2025-09-24,2266,2337,5172,5759,Degraded,0
CMP0436,AC073,ENG073,Combustor,Combustion,2025-08-03,2266,2281,4730,4686,Watch,0
CMP0437,AC073,ENG073,High Pressure Turbine,Turbine,2024-06-05,585,553,4026,3994,Good,0
CMP0438,AC073,ENG073,Low Pressure Turbine,Turbine,2024-07-05,2266,2337,5761,5972,Watch,0
CMP0439,AC074,ENG074,Fan,Fan,2024-07-19,701,905,7438,9338,Watch,2
CMP0440,AC074,ENG074,Low Pressure Compressor,Compressor,2026-05-01,1344,1620,5836,7356,Good,0
CMP0441,AC074,ENG074,High Pressure Compressor,Compressor,2026-04-04,1773,2128,5981,5203,Good,0
CMP0442,AC074,ENG074,Combustor,Combustion,2026-01-02,1773,2128,3549,4865,Degraded,0
CMP0443,AC074,ENG074,High Pressure Turbine,Turbine,2026-05-24,1773,2084,4812,4896,Good,0
CMP0444,AC074,ENG074,Low Pressure Turbine,Turbine,2026-04-08,1773,2128,5555,6842,Watch,0
CMP0445,AC075,ENG075,Fan,Fan,2025-06-30,2028,2477,7380,8770,Watch,0
CMP0446,AC075,ENG075,Low Pressure Compressor,Compressor,2026-06-01,1045,1053,6357,6337,Good,0
CMP0447,AC075,ENG075,High Pressure Compressor,Compressor,2024-11-15,1537,2159,4690,6458,Watch,0
CMP0448,AC075,ENG075,Combustor,Combustion,2025-02-26,1322,1290,3400,3318,Good,0
CMP0449,AC075,ENG075,High Pressure Turbine,Turbine,2025-05-22,1472,1486,4960,5117,Good,0
CMP0450,AC075,ENG075,Low Pressure Turbine,Turbine,2025-11-23,1980,2174,5491,6109,Watch,0
CMP0451,AC076,ENG076,Fan,Fan,2025-01-22,4782,5019,7030,8728,Degraded,2
CMP0452,AC076,ENG076,Low Pressure Compressor,Compressor,2025-03-05,2516,2455,6528,6570,Good,0
CMP0453,AC076,ENG076,High Pressure Compressor,Compressor,2024-05-13,3803,4648,5590,6881,Good,0
CMP0454,AC076,ENG076,Combustor,Combustion,2024-10-10,1727,1582,4296,3820,Good,0
CMP0455,AC076,ENG076,High Pressure Turbine,Turbine,2023-08-19,2615,2420,4513,4113,Good,0
CMP0456,AC076,ENG076,Low Pressure Turbine,Turbine,2025-12-24,1872,2049,6108,6527,Good,0
CMP0457,AC077,ENG077,Fan,Fan,2025-01-21,3374,3323,7595,7441,Watch,1
CMP0458,AC077,ENG077,Low Pressure Compressor,Compressor,2026-03-22,2865,3323,6033,7236,Good,0
CMP0459,AC077,ENG077,High Pressure Compressor,Compressor,2025-12-02,719,625,5217,4625,Good,1
CMP0460,AC077,ENG077,Combustor,Combustion,2025-05-16,1710,1755,3737,3848,Good,0
CMP0461,AC077,ENG077,High Pressure Turbine,Turbine,2025-06-12,1115,1441,4408,5683,Good,0
CMP0462,AC077,ENG077,Low Pressure Turbine,Turbine,2025-12-16,2776,2719,5697,5522,Good,1
CMP0463,AC078,ENG078,Fan,Fan,2025-08-01,2465,2646,6835,7164,Watch,0
CMP0464,AC078,ENG078,Low Pressure Compressor,Compressor,2026-08-29,2465,2646,5921,6723,Good,1
CMP0465,AC078,ENG078,High Pressure Compressor,Compressor,2024-11-16,2465,2646,5704,5286,Degraded,0
CMP0466,AC078,ENG078,Combustor,Combustion,2025-08-01,2465,2646,4060,4463,Good,0
CMP0467,AC078,ENG078,High Pressure Turbine,Turbine,2026-03-29,1945,1558,5296,4242,Watch,0
CMP0468,AC078,ENG078,Low Pressure Turbine,Turbine,2026-04-03,2465,2646,5779,7153,Good,0
CMP0469,AC079,ENG079,Fan,Fan,2024-07-02,726,821,7533,8326,Good,0
CMP0470,AC079,ENG079,Low Pressure Compressor,Compressor,2024-12-13,2364,2497,5436,6165,Watch,0
CMP0471,AC079,ENG079,High Pressure Compressor,Compressor,2024-04-27,1230,1285,5410,5546,Good,0
CMP0472,AC079,ENG079,Combustor,Combustion,2025-04-26,782,1102,3964,5679,Good,0
CMP0473,AC079,ENG079,High Pressure Turbine,Turbine,2026-07-26,932,1125,4452,5376,Good,0
CMP0474,AC079,ENG079,Low Pressure Turbine,Turbine,2025-05-13,2364,2497,5402,6770,Good,0
CMP0475,AC080,ENG080,Fan,Fan,2026-04-29,1481,1555,7251,7585,Watch,0
CMP0476,AC080,ENG080,Low Pressure Compressor,Compressor,2026-09-15,2067,2534,6128,7428,Degraded,0
CMP0477,AC080,ENG080,High Pressure Compressor,Compressor,2025-10-23,3603,4009,5755,5736,Good,0
CMP0478,AC080,ENG080,Combustor,Combustion,2025-01-11,1313,1424,3810,3984,Good,0
CMP0479,AC080,ENG080,High Pressure Turbine,Turbine,2026-01-18,1743,1832,4570,4904,Degraded,0
CMP0480,AC080,ENG080,Low Pressure Turbine,Turbine,2026-08-28,1543,1537,6207,6384,Good,0
CMP0481,AC081,ENG081,Fan,Fan,2025-12-11,4260,4060,7757,7985,Good,0
CMP0482,AC081,ENG081,Low Pressure Compressor,Compressor,2025-07-17,2237,2618,6279,7439,Degraded,1
CMP0483,AC081,ENG081,High Pressure Compressor,Compressor,2024-02-10,3799,4060,5286,7163,Good,0
CMP0484,AC081,ENG081,Combustor,Combustion,2026-01-15,884,970,4050,4653,Good,0
CMP0485,AC081,ENG081,High Pressure Turbine,Turbine,2025-09-21,1864,2325,4259,5077,Good,0
CMP0486,AC081,ENG081,Low Pressure Turbine,Turbine,2025-10-19,2200,2318,5827,6276,Watch,0
CMP0487,AC082,ENG082,Fan,Fan,2025-02-02,2842,2731,7097,8493,Good,0
CMP0488,AC082,ENG082,Low Pressure Compressor,Compressor,2025-10-07,2842,2731,6478,7423,Degraded,0
CMP0489,AC082,ENG082,High Pressure Compressor,Compressor,2024-10-20,2842,2731,4605,6374,Good,0
CMP0490,AC082,ENG082,Combustor,Combustion,2026-07-14,918,1211,4119,5328,Good,0
CMP0491,AC082,ENG082,High Pressure Turbine,Turbine,2024-08-04,2371,2689,3913,4522,Good,2
CMP0492,AC082,ENG082,Low Pressure Turbine,Turbine,2024-11-10,2842,2731,5588,6353,Good,0
CMP0493,AC083,ENG083,Fan,Fan,2025-12-27,1861,1781,7084,8303,Watch,0
CMP0494,AC083,ENG083,Low Pressure Compressor,Compressor,2024-01-02,1861,1781,6287,6605,Good,0
CMP0495,AC083,ENG083,High Pressure Compressor,Compressor,2026-04-20,767,765,5324,5574,Good,0
CMP0496,AC083,ENG083,Combustor,Combustion,2026-01-06,943,1126,4378,5317,Good,0
CMP0497,AC083,ENG083,High Pressure Turbine,Turbine,2025-08-17,1861,1781,4955,4671,Watch,0
CMP0498,AC083,ENG083,Low Pressure Turbine,Turbine,2023-12-27,856,765,5815,5653,Degraded,0
CMP0499,AC084,ENG084,Fan,Fan,2025-11-17,2424,2624,6966,7507,Good,0
CMP0500,AC084,ENG084,Low Pressure Compressor,Compressor,2024-07-23,2292,2652,6273,7244,Good,0
CMP0501,AC084,ENG084,High Pressure Compressor,Compressor,2025-11-07,3658,3918,5222,5709,Watch,0
CMP0502,AC084,ENG084,Combustor,Combustion,2024-06-30,1096,1202,3865,4244,Good,0
CMP0503,AC084,ENG084,High Pressure Turbine,Turbine,2026-06-29,3375,2786,4892,4054,Good,0
CMP0504,AC084,ENG084,Low Pressure Turbine,Turbine,2023-01-06,1464,2287,5119,7774,Good,0
CMP0505,AC085,ENG085,Fan,Fan,2025-08-25,2563,2909,7423,8950,Degraded,0
CMP0506,AC085,ENG085,Low Pressure Compressor,Compressor,2024-06-18,2563,2909,6241,5979,Good,1
CMP0507,AC085,ENG085,High Pressure Compressor,Compressor,2026-01-26,2563,2909,5192,6357,Watch,0
CMP0508,AC085,ENG085,Combustor,Combustion,2023-09-07,1716,2258,3483,4616,Good,0
CMP0509,AC085,ENG085,High Pressure Turbine,Turbine,2025-07-04,1993,2541,4675,5762,Good,0
CMP0510,AC085,ENG085,Low Pressure Turbine,Turbine,2025-05-06,1285,1798,5087,7233,Good,1
CMP0511,AC086,ENG086,Fan,Fan,2025-01-06,1117,1451,6988,9163,Good,0
CMP0512,AC086,ENG086,Low Pressure Compressor,Compressor,2024-02-27,1028,1277,5793,7056,Good,0
CMP0513,AC086,ENG086,High Pressure Compressor,Compressor,2025-08-09,3181,3273,5243,6256,Watch,0
CMP0514,AC086,ENG086,Combustor,Combustion,2025-12-17,2053,2674,4037,5107,Watch,0
CMP0515,AC086,ENG086,High Pressure Turbine,Turbine,2026-03-07,747,748,4551,4261,Good,0
CMP0516,AC086,ENG086,Low Pressure Turbine,Turbine,2025-09-03,2148,2683,5302,6523,Watch,0
CMP0517,AC087,ENG087,Fan,Fan,2025-05-23,1943,1869,6982,9134,Good,0
CMP0518,AC087,ENG087,Low Pressure Compressor,Compressor,2025-07-11,745,768,6246,6277,Good,0
CMP0519,AC087,ENG087,High Pressure Compressor,Compressor,2025-05-11,1943,1869,5654,5789,Good,0
CMP0520,AC087,ENG087,Combustor,Combustion,2025-12-11,1205,1405,3982,4613,Good,0
CMP0521,AC087,ENG087,High Pressure Turbine,Turbine,2025-04-12,1943,1869,4380,5032,Good,0
CMP0522,AC087,ENG087,Low Pressure Turbine,Turbine,2025-10-27,1943,1869,4708,7512,Good,1
CMP0523,AC088,ENG088,Fan,Fan,2025-06-26,1591,1764,7275,8727,Good,1
CMP0524,AC088,ENG088,Low Pressure Compressor,Compressor,2025-10-30,2578,3133,5198,6016,Good,0
CMP0525,AC088,ENG088,High Pressure Compressor,Compressor,2026-08-18,3164,3784,4802,5725,Good,1
CMP0526,AC088,ENG088,Combustor,Combustion,2025-06-06,2239,2031,3474,3180,Good,1
CMP0527,AC088,ENG088,High Pressure Turbine,Turbine,2025-11-02,3302,3514,4438,4654,Good,1
CMP0528,AC088,ENG088,Low Pressure Turbine,Turbine,2026-09-14,1064,1603,4690,6285,Degraded,0
CMP0529,AC089,ENG089,Fan,Fan,2024-11-23,1757,2116,7551,8925,Good,0
CMP0530,AC089,ENG089,Low Pressure Compressor,Compressor,2026-05-31,2285,2242,5803,7818,Watch,0
CMP0531,AC089,ENG089,High Pressure Compressor,Compressor,2024-06-05,619,655,4961,5288,Good,0
CMP0532,AC089,ENG089,Combustor,Combustion,2026-07-15,1171,1647,3997,5522,Watch,0
CMP0533,AC089,ENG089,High Pressure Turbine,Turbine,2025-12-06,2293,2242,4900,4501,Degraded,0
CMP0534,AC089,ENG089,Low Pressure Turbine,Turbine,2024-11-27,1334,1704,5039,6424,Degraded,0
CMP0535,AC090,ENG090,Fan,Fan,2024-07-25,1970,2139,7684,9593,Good,1
CMP0536,AC090,ENG090,Low Pressure Compressor,Compressor,2025-09-03,1970,2139,5703,7132,Good,0
CMP0537,AC090,ENG090,High Pressure Compressor,Compressor,2025-10-24,1410,1633,5364,6274,Watch,0
CMP0538,AC090,ENG090,Combustor,Combustion,2025-03-31,1391,1774,3337,4340,Good,0
CMP0539,AC090,ENG090,High Pressure Turbine,Turbine,2025-05-20,1187,1220,4777,4908,Watch,0
CMP0540,AC090,ENG090,Low Pressure Turbine,Turbine,2026-04-29,1739,1779,5965,6097,Watch,1
CMP0541,AC091,ENG091,Fan,Fan,2025-08-07,1774,1419,7152,9631,Watch,0
CMP0542,AC091,ENG091,Low Pressure Compressor,Compressor,2025-06-17,1774,1419,5768,7007,Good,0
CMP0543,AC091,ENG091,High Pressure Compressor,Compressor,2026-01-23,387,396,5772,5546,Degraded,0
CMP0544,AC091,ENG091,Combustor,Combustion,2026-04-05,768,894,3247,3773,Good,0
CMP0545,AC091,ENG091,High Pressure Turbine,Turbine,2025-10-18,482,803,4211,6266,Good,0
CMP0546,AC091,ENG091,Low Pressure Turbine,Turbine,2025-11-16,1066,1315,5750,6921,Good,0
CMP0547,AC092,ENG092,Fan,Fan,2025-11-13,2379,2565,7575,8398,Good,0
CMP0548,AC092,ENG092,Low Pressure Compressor,Compressor,2025-08-02,1381,1695,5607,7140,Good,0
CMP0549,AC092,ENG092,High Pressure Compressor,Compressor,2024-06-09,1697,2204,4743,5718,Good,0
CMP0550,AC092,ENG092,Combustor,Combustion,2025-08-07,3202,3532,4170,4632,Good,0
CMP0551,AC092,ENG092,High Pressure Turbine,Turbine,2024-10-28,1235,1789,4351,6238,Watch,0
CMP0552,AC092,ENG092,Low Pressure Turbine,Turbine,2024-08-07,3640,4853,5579,7166,Good,0
CMP0553,AC093,ENG093,Fan,Fan,2026-05-13,424,455,7007,7647,Good,0
CMP0554,AC093,ENG093,Low Pressure Compressor,Compressor,2026-05-03,1659,1542,6121,7786,Good,0
CMP0555,AC093,ENG093,High Pressure Compressor,Compressor,2023-10-03,1659,1542,5890,6016,Degraded,0
CMP0556,AC093,ENG093,Combustor,Combustion,2025-11-24,1659,1542,3942,4339,Good,0
CMP0557,AC093,ENG093,High Pressure Turbine,Turbine,2025-01-04,796,618,4978,4000,Good,0
CMP0558,AC093,ENG093,Low Pressure Turbine,Turbine,2025-05-07,1659,1542,5892,7152,Good,0
CMP0559,AC094,ENG094,Fan,Fan,2024-02-28,4985,3988,7045,9432,Good,0
CMP0560,AC094,ENG094,Low Pressure Compressor,Compressor,2025-02-03,805,675,6482,6890,Good,0
CMP0561,AC094,ENG094,High Pressure Compressor,Compressor,2025-02-03,2211,2232,5715,5830,Good,0
CMP0562,AC094,ENG094,Combustor,Combustion,2025-07-04,1912,2506,4301,5478,Good,0
CMP0563,AC094,ENG094,High Pressure Turbine,Turbine,2026-06-17,1640,2421,4196,6189,Good,1
CMP0564,AC094,ENG094,Low Pressure Turbine,Turbine,2024-07-14,3857,3988,5227,7790,Good,0
CMP0565,AC095,ENG095,Fan,Fan,2025-10-26,4096,5351,7041,9010,Watch,0
CMP0566,AC095,ENG095,Low Pressure Compressor,Compressor,2023-03-07,2217,2699,5867,7123,Watch,0
CMP0567,AC095,ENG095,High Pressure Compressor,Compressor,2024-05-13,1486,1559,5219,5874,Good,0
CMP0568,AC095,ENG095,Combustor,Combustion,2025-01-25,1034,891,4411,3646,Good,0
CMP0569,AC095,ENG095,High Pressure Turbine,Turbine,2025-05-23,2032,2096,4182,4500,Watch,0
CMP0570,AC095,ENG095,Low Pressure Turbine,Turbine,2025-04-13,2477,2807,5635,6612,Watch,0
CMP0571,AC096,ENG096,Fan,Fan,2025-06-15,1646,1510,7389,9042,Good,0
CMP0572,AC096,ENG096,Low Pressure Compressor,Compressor,2026-05-31,1646,1510,5775,6791,Good,0
CMP0573,AC096,ENG096,High Pressure Compressor,Compressor,2025-07-23,1646,1510,5410,6580,Good,0
CMP0574,AC096,ENG096,Combustor,Combustion,2024-06-10,232,272,4610,4672,Good,0
CMP0575,AC096,ENG096,High Pressure Turbine,Turbine,2025-04-03,1646,1510,4056,4074,Good,0
CMP0576,AC096,ENG096,Low Pressure Turbine,Turbine,2026-07-05,1646,1510,5913,7479,Good,0
CMP0577,AC097,ENG097,Fan,Fan,2024-06-30,3064,3009,7189,8756,Good,1
CMP0578,AC097,ENG097,Low Pressure Compressor,Compressor,2025-09-14,3064,3009,5131,7315,Good,0
CMP0579,AC097,ENG097,High Pressure Compressor,Compressor,2024-06-23,2813,2851,5684,5792,Good,1
CMP0580,AC097,ENG097,Combustor,Combustion,2026-08-03,964,1639,3356,5474,Good,0
CMP0581,AC097,ENG097,High Pressure Turbine,Turbine,2024-12-16,2853,2459,4914,4202,Good,0
CMP0582,AC097,ENG097,Low Pressure Turbine,Turbine,2024-01-23,490,657,6062,7273,Good,0
CMP0583,AC098,ENG098,Fan,Fan,2024-10-13,2291,2979,7291,9662,Watch,0
CMP0584,AC098,ENG098,Low Pressure Compressor,Compressor,2025-07-20,1181,1361,5905,6880,Good,0
CMP0585,AC098,ENG098,High Pressure Compressor,Compressor,2024-10-13,984,1104,5446,6341,Watch,0
CMP0586,AC098,ENG098,Combustor,Combustion,2024-06-25,616,897,3615,4863,Good,1
CMP0587,AC098,ENG098,High Pressure Turbine,Turbine,2025-02-20,1122,1188,4939,5255,Watch,1
CMP0588,AC098,ENG098,Low Pressure Turbine,Turbine,2024-10-27,2885,3174,5417,7048,Good,1
CMP0589,AC099,ENG099,Fan,Fan,2024-09-15,1293,1264,7829,7601,Good,0
CMP0590,AC099,ENG099,Low Pressure Compressor,Compressor,2026-06-22,1293,1264,6003,7034,Good,0
CMP0591,AC099,ENG099,High Pressure Compressor,Compressor,2025-09-24,1293,1264,5090,6618,Good,0
CMP0592,AC099,ENG099,Combustor,Combustion,2026-02-27,1293,1264,4027,3847,Degraded,0
CMP0593,AC099,ENG099,High Pressure Turbine,Turbine,2025-09-07,931,940,4971,4639,Degraded,0
CMP0594,AC099,ENG099,Low Pressure Turbine,Turbine,2025-05-17,1293,1264,5411,5783,Degraded,0
CMP0595,AC100,ENG100,Fan,Fan,2026-01-29,3361,3323,6855,7755,Good,0
CMP0596,AC100,ENG100,Low Pressure Compressor,Compressor,2025-02-19,175,171,6366,7358,Watch,0
CMP0597,AC100,ENG100,High Pressure Compressor,Compressor,2025-04-14,1549,1733,5454,6327,Good,0
CMP0598,AC100,ENG100,Combustor,Combustion,2024-01-23,904,1015,3850,4552,Good,0
CMP0599,AC100,ENG100,High Pressure Turbine,Turbine,2026-03-15,1878,1989,4826,5263,Good,0
CMP0600,AC100,ENG100,Low Pressure Turbine,Turbine,2026-07-01,3369,3323,5056,6896,Good,0
